,condition,genes_num,Method,replicate,time_s,mem_gb
0,gdl_1e-9_0,1000,CASTLES-DISCO,1,1976.12,16.028972
1,gdl_1e-9_0,1000,CASTLES-DISCO,2,670.04,5.915404
2,gdl_1e-9_0,1000,CASTLES-DISCO,3,407.37,3.417888
3,gdl_1e-9_0,1000,CASTLES-DISCO,4,637.05,5.107392
4,gdl_1e-9_0,1000,CASTLES-DISCO,5,1479.19,11.16504
5,gdl_1e-9_0,1000,CASTLES-DISCO,6,474.04,3.946588
6,gdl_1e-9_0,1000,CASTLES-DISCO,7,287.03999999999996,1.99138
7,gdl_1e-9_0,1000,CASTLES-DISCO,8,503.11,4.154768
8,gdl_1e-9_0,1000,CASTLES-DISCO,9,1165.93,9.260412
9,gdl_1e-9_0,1000,CASTLES-DISCO,10,581.4,4.8313
10,gdl_1e-9_0,1000,CASTLES-Pro,1,425.7,22.12094
11,gdl_1e-9_0,1000,CASTLES-Pro,2,189.72,8.163544
12,gdl_1e-9_0,1000,CASTLES-Pro,3,147.29,4.51198
13,gdl_1e-9_0,1000,CASTLES-Pro,4,243.41,7.212972
14,gdl_1e-9_0,1000,CASTLES-Pro,5,313.96,14.825768
15,gdl_1e-9_0,1000,CASTLES-Pro,6,117.72999999999999,5.144484
16,gdl_1e-9_0,1000,CASTLES-Pro,7,115.03999999999999,2.643528
17,gdl_1e-9_0,1000,CASTLES-Pro,8,158.89,5.690436
18,gdl_1e-9_0,1000,CASTLES-Pro,9,267.17,12.82924
19,gdl_1e-9_0,1000,CASTLES-Pro,10,137.69,6.409996
20,gdl_1e-9_0,1000,ERaBLE-DISCO,1,22734.1,88.814936
21,gdl_1e-9_0,1000,ERaBLE-DISCO,2,8600.16,34.534032
22,gdl_1e-9_0,1000,ERaBLE-DISCO,3,4341.6,17.531404
23,gdl_1e-9_0,1000,ERaBLE-DISCO,4,7409.67,29.092852
24,gdl_1e-9_0,1000,ERaBLE-DISCO,5,16006.82,65.48576
25,gdl_1e-9_0,1000,ERaBLE-DISCO,6,5091.83,19.48772
26,gdl_1e-9_0,1000,ERaBLE-DISCO,7,2357.55,8.78482
27,gdl_1e-9_0,1000,ERaBLE-DISCO,8,5066.9400000000005,20.512236
28,gdl_1e-9_0,1000,ERaBLE-DISCO,9,12233.95,47.3026
29,gdl_1e-9_0,1000,ERaBLE-DISCO,10,6394.28,26.016928
30,gdl_1e-9_0,1000,FastME(AVG)-DISCO,3,1980.75,10.717808
31,gdl_1e-9_0,1000,FastME(AVG)-DISCO,4,3219.38,17.638784
32,gdl_1e-9_0,1000,FastME(AVG)-DISCO,5,7226.49,39.170284
33,gdl_1e-9_0,1000,FastME(AVG)-DISCO,6,2264.54,12.21624
34,gdl_1e-9_0,1000,FastME(AVG)-DISCO,7,1094.17,5.612608
35,gdl_1e-9_0,1000,FastME(AVG)-DISCO,8,2333.5699999999997,12.689324
36,gdl_1e-9_0,1000,FastME(AVG)-DISCO,9,5455.74,28.845684
37,gdl_1e-9_0,1000,FastME(AVG)-DISCO,10,2903.23,15.680136
38,gdl_1e-9_0,1000,CA-DISCO(RAxML),1,471250.0,102.916584
39,gdl_1e-9_0,1000,CA-DISCO(RAxML),2,38205.78,48.07186
40,gdl_1e-9_0,1000,CA-DISCO(RAxML),3,10185.5,26.600196
41,gdl_1e-9_0,1000,CA-DISCO(RAxML),4,29775.54,42.32354
42,gdl_1e-9_0,1000,CA-DISCO(RAxML),5,222592.0,85.518012
43,gdl_1e-9_0,1000,CA-DISCO(RAxML),6,13230.41,25.327684
44,gdl_1e-9_0,1000,CA-DISCO(RAxML),7,3977.3900000000003,15.355188
45,gdl_1e-9_0,1000,CA-DISCO(RAxML),8,16739.0,31.662396
46,gdl_1e-9_0,1000,CA-DISCO(RAxML),9,84349.12,61.227784
47,gdl_1e-9_0,1000,CA-DISCO(RAxML),10,21472.69,35.573668
48,gdl_1e-9_05,1000,CASTLES-DISCO,1,240.43,2.064668
49,gdl_1e-9_05,1000,CASTLES-DISCO,2,82.78,0.65078
50,gdl_1e-9_05,1000,CASTLES-DISCO,3,155.56,1.158868
51,gdl_1e-9_05,1000,CASTLES-DISCO,4,718.12,5.786576
52,gdl_1e-9_05,1000,CASTLES-DISCO,5,165.29000000000002,1.483132
53,gdl_1e-9_05,1000,CASTLES-DISCO,6,91.32,0.844204
54,gdl_1e-9_05,1000,CASTLES-DISCO,7,172.05,1.413804
55,gdl_1e-9_05,1000,CASTLES-DISCO,8,246.04999999999998,2.060936
56,gdl_1e-9_05,1000,CASTLES-DISCO,9,153.39999999999998,1.286712
57,gdl_1e-9_05,1000,CASTLES-DISCO,10,141.4,0.958188
58,gdl_1e-9_05,1000,CASTLES-Pro,1,133.06,2.830624
59,gdl_1e-9_05,1000,CASTLES-Pro,2,74.78999999999999,0.839868
60,gdl_1e-9_05,1000,CASTLES-Pro,3,115.97999999999999,1.515176
61,gdl_1e-9_05,1000,CASTLES-Pro,4,239.48,7.792376
62,gdl_1e-9_05,1000,CASTLES-Pro,5,115.41,2.05202
63,gdl_1e-9_05,1000,CASTLES-Pro,6,61.34,1.119408
64,gdl_1e-9_05,1000,CASTLES-Pro,7,94.15,1.80944
65,gdl_1e-9_05,1000,CASTLES-Pro,8,125.79,2.657816
66,gdl_1e-9_05,1000,CASTLES-Pro,9,105.46000000000001,1.691308
67,gdl_1e-9_05,1000,CASTLES-Pro,10,88.78999999999999,1.61966
68,gdl_1e-9_05,1000,ERaBLE-DISCO,1,2901.24,11.42442
69,gdl_1e-9_05,1000,ERaBLE-DISCO,2,747.46,2.818364
70,gdl_1e-9_05,1000,ERaBLE-DISCO,3,1465.2,5.94896
71,gdl_1e-9_05,1000,ERaBLE-DISCO,4,7607.09,29.679852
72,gdl_1e-9_05,1000,ERaBLE-DISCO,5,2191.17,9.173772
73,gdl_1e-9_05,1000,ERaBLE-DISCO,6,1197.0,4.702228
74,gdl_1e-9_05,1000,ERaBLE-DISCO,7,1699.83,6.51818
75,gdl_1e-9_05,1000,ERaBLE-DISCO,8,2367.65,9.534704
76,gdl_1e-9_05,1000,ERaBLE-DISCO,9,1596.69,6.26806
77,gdl_1e-9_05,1000,ERaBLE-DISCO,10,1193.38,4.756096
78,gdl_1e-9_05,1000,FastME(AVG)-DISCO,3,683.6999999999999,3.69594
79,gdl_1e-9_05,1000,FastME(AVG)-DISCO,4,3308.97,18.162716
80,gdl_1e-9_05,1000,FastME(AVG)-DISCO,5,960.14,5.517
81,gdl_1e-9_05,1000,FastME(AVG)-DISCO,6,502.94,2.837804
82,gdl_1e-9_05,1000,FastME(AVG)-DISCO,7,773.8100000000001,4.127364
83,gdl_1e-9_05,1000,FastME(AVG)-DISCO,8,1091.42,6.013096
84,gdl_1e-9_05,1000,FastME(AVG)-DISCO,9,698.3,3.901604
85,gdl_1e-9_05,1000,FastME(AVG)-DISCO,10,567.52,3.100764
86,gdl_1e-9_05,1000,CA-DISCO(RAxML),1,6153.58,18.080448
87,gdl_1e-9_05,1000,CA-DISCO(RAxML),2,1893.21,6.19438
88,gdl_1e-9_05,1000,CA-DISCO(RAxML),3,2035.81,10.659832
89,gdl_1e-9_05,1000,CA-DISCO(RAxML),4,60660.24,49.6763
90,gdl_1e-9_05,1000,CA-DISCO(RAxML),5,3688.47,14.004496
91,gdl_1e-9_05,1000,CA-DISCO(RAxML),6,1241.91,8.276376
92,gdl_1e-9_05,1000,CA-DISCO(RAxML),7,2738.8199999999997,12.702908
93,gdl_1e-9_05,1000,CA-DISCO(RAxML),8,7002.58,17.308108
94,gdl_1e-9_05,1000,CA-DISCO(RAxML),9,2230.24,13.5034
95,gdl_1e-9_05,1000,CA-DISCO(RAxML),10,2214.99,7.81398
96,gdl_1e-9_1,1000,CASTLES-DISCO,1,53.9,0.49348
97,gdl_1e-9_1,1000,CASTLES-DISCO,2,51.21,0.435544
98,gdl_1e-9_1,1000,CASTLES-DISCO,3,44.870000000000005,0.376024
99,gdl_1e-9_1,1000,CASTLES-DISCO,4,43.6,0.377072
100,gdl_1e-9_1,1000,CASTLES-DISCO,5,64.24000000000001,0.551968
101,gdl_1e-9_1,1000,CASTLES-DISCO,6,49.22,0.410292
102,gdl_1e-9_1,1000,CASTLES-DISCO,7,38.260000000000005,0.332364
103,gdl_1e-9_1,1000,CASTLES-DISCO,8,41.85,0.3663
104,gdl_1e-9_1,1000,CASTLES-DISCO,9,48.99,0.416776
105,gdl_1e-9_1,1000,CASTLES-DISCO,10,50.69,0.454144
106,gdl_1e-9_1,1000,CASTLES-Pro,1,63.37,0.662228
107,gdl_1e-9_1,1000,CASTLES-Pro,2,62.57,0.571208
108,gdl_1e-9_1,1000,CASTLES-Pro,3,68.94,0.5143
109,gdl_1e-9_1,1000,CASTLES-Pro,4,61.22,0.471384
110,gdl_1e-9_1,1000,CASTLES-Pro,5,72.5,0.718428
111,gdl_1e-9_1,1000,CASTLES-Pro,6,61.23,0.53268
112,gdl_1e-9_1,1000,CASTLES-Pro,7,57.6,0.430764
113,gdl_1e-9_1,1000,CASTLES-Pro,8,65.34,0.477056
114,gdl_1e-9_1,1000,CASTLES-Pro,9,65.22,0.541196
115,gdl_1e-9_1,1000,CASTLES-Pro,10,53.7,0.59356
116,gdl_1e-9_1,1000,ERaBLE-DISCO,1,697.76,2.7521
117,gdl_1e-9_1,1000,ERaBLE-DISCO,2,586.28,2.257236
118,gdl_1e-9_1,1000,ERaBLE-DISCO,3,517.8,2.131668
119,gdl_1e-9_1,1000,ERaBLE-DISCO,4,444.81,1.69024
120,gdl_1e-9_1,1000,ERaBLE-DISCO,5,681.45,2.750004
121,gdl_1e-9_1,1000,ERaBLE-DISCO,6,517.58,2.000548
122,gdl_1e-9_1,1000,ERaBLE-DISCO,7,428.03000000000003,1.688604
123,gdl_1e-9_1,1000,ERaBLE-DISCO,8,446.39,1.8315
124,gdl_1e-9_1,1000,ERaBLE-DISCO,9,527.41,2.034416
125,gdl_1e-9_1,1000,ERaBLE-DISCO,10,609.34,2.518536
126,gdl_1e-9_1,1000,FastME(AVG)-DISCO,3,225.22,1.30734
127,gdl_1e-9_1,1000,FastME(AVG)-DISCO,4,194.03,1.100816
128,gdl_1e-9_1,1000,FastME(AVG)-DISCO,5,301.55,1.71938
129,gdl_1e-9_1,1000,FastME(AVG)-DISCO,6,224.61,1.281468
130,gdl_1e-9_1,1000,FastME(AVG)-DISCO,7,184.71,1.073036
131,gdl_1e-9_1,1000,FastME(AVG)-DISCO,8,205.12,1.159264
132,gdl_1e-9_1,1000,FastME(AVG)-DISCO,9,227.23000000000002,1.28252
133,gdl_1e-9_1,1000,FastME(AVG)-DISCO,10,269.29,1.535284
134,gdl_1e-9_1,1000,CA-DISCO(RAxML),1,689.13,5.38124
135,gdl_1e-9_1,1000,CA-DISCO(RAxML),2,702.6800000000001,5.16126
136,gdl_1e-9_1,1000,CA-DISCO(RAxML),3,392.59000000000003,4.397092
137,gdl_1e-9_1,1000,CA-DISCO(RAxML),4,327.65999999999997,3.832912
138,gdl_1e-9_1,1000,CA-DISCO(RAxML),5,708.87,5.814096
139,gdl_1e-9_1,1000,CA-DISCO(RAxML),6,424.93,3.985168
140,gdl_1e-9_1,1000,CA-DISCO(RAxML),7,317.40999999999997,3.127888
141,gdl_1e-9_1,1000,CA-DISCO(RAxML),8,372.81,3.89468
142,gdl_1e-9_1,1000,CA-DISCO(RAxML),9,447.19,4.732332
143,gdl_1e-9_1,1000,CA-DISCO(RAxML),10,798.4399999999999,4.54486
144,gdl_5e-10_0,1000,CASTLES-DISCO,1,277.86,1.95358
145,gdl_5e-10_0,1000,CASTLES-DISCO,2,121.36,0.783848
146,gdl_5e-10_0,1000,CASTLES-DISCO,3,169.48000000000002,1.143824
147,gdl_5e-10_0,1000,CASTLES-DISCO,4,148.78,0.891636
148,gdl_5e-10_0,1000,CASTLES-DISCO,5,151.27,0.98942
149,gdl_5e-10_0,1000,CASTLES-DISCO,6,186.32999999999998,1.246796
150,gdl_5e-10_0,1000,CASTLES-DISCO,7,243.05,1.71962
151,gdl_5e-10_0,1000,CASTLES-DISCO,8,149.49,0.966304
152,gdl_5e-10_0,1000,CASTLES-DISCO,9,144.57,0.98026
153,gdl_5e-10_0,1000,CASTLES-DISCO,10,165.3,1.137516
154,gdl_5e-10_0,1000,CASTLES-Pro,1,112.21000000000001,2.254296
155,gdl_5e-10_0,1000,CASTLES-Pro,2,76.91,0.853812
156,gdl_5e-10_0,1000,CASTLES-Pro,3,90.52,1.255916
157,gdl_5e-10_0,1000,CASTLES-Pro,4,109.95,0.989924
158,gdl_5e-10_0,1000,CASTLES-Pro,5,95.0,1.101208
159,gdl_5e-10_0,1000,CASTLES-Pro,6,80.06,1.387152
160,gdl_5e-10_0,1000,CASTLES-Pro,7,94.37,1.944736
161,gdl_5e-10_0,1000,CASTLES-Pro,8,83.46000000000001,1.076776
162,gdl_5e-10_0,1000,CASTLES-Pro,9,83.86,1.077548
163,gdl_5e-10_0,1000,CASTLES-Pro,10,80.91,1.260112
164,gdl_5e-10_0,1000,ERaBLE-DISCO,1,1696.99,7.177012
165,gdl_5e-10_0,1000,ERaBLE-DISCO,2,661.04,2.420196
166,gdl_5e-10_0,1000,ERaBLE-DISCO,3,920.57,3.668736
167,gdl_5e-10_0,1000,ERaBLE-DISCO,4,704.12,2.649376
168,gdl_5e-10_0,1000,ERaBLE-DISCO,5,787.42,2.97432
169,gdl_5e-10_0,1000,ERaBLE-DISCO,6,857.5,3.811448
170,gdl_5e-10_0,1000,ERaBLE-DISCO,7,1328.21,6.130704
171,gdl_5e-10_0,1000,ERaBLE-DISCO,8,726.9100000000001,3.227864
172,gdl_5e-10_0,1000,ERaBLE-DISCO,9,689.47,3.048068
173,gdl_5e-10_0,1000,ERaBLE-DISCO,10,747.84,3.2313
174,gdl_5e-10_0,1000,FastME(AVG)-DISCO,1,779.62,4.941568
175,gdl_5e-10_0,1000,FastME(AVG)-DISCO,2,322.12,1.777112
176,gdl_5e-10_0,1000,FastME(AVG)-DISCO,3,474.67,2.615608
177,gdl_5e-10_0,1000,FastME(AVG)-DISCO,4,360.63,1.94896
178,gdl_5e-10_0,1000,FastME(AVG)-DISCO,5,380.85,2.175896
179,gdl_5e-10_0,1000,FastME(AVG)-DISCO,6,488.45,2.7685
180,gdl_5e-10_0,1000,FastME(AVG)-DISCO,7,688.4,4.188492
181,gdl_5e-10_0,1000,FastME(AVG)-DISCO,8,403.74,2.273308
182,gdl_5e-10_0,1000,FastME(AVG)-DISCO,9,388.5,2.20296
183,gdl_5e-10_0,1000,FastME(AVG)-DISCO,10,445.21000000000004,2.425164
184,gdl_5e-10_0,1000,CA-DISCO(RAxML),1,2885.41,13.387952
185,gdl_5e-10_0,1000,CA-DISCO(RAxML),2,750.41,4.378976
186,gdl_5e-10_0,1000,CA-DISCO(RAxML),3,1512.8899999999999,7.220448
187,gdl_5e-10_0,1000,CA-DISCO(RAxML),4,682.79,5.779964
188,gdl_5e-10_0,1000,CA-DISCO(RAxML),5,1090.87,7.76516
189,gdl_5e-10_0,1000,CA-DISCO(RAxML),6,1063.45,7.783244
190,gdl_5e-10_0,1000,CA-DISCO(RAxML),7,4301.66,11.810368
191,gdl_5e-10_0,1000,CA-DISCO(RAxML),8,1044.37,6.133904
192,gdl_5e-10_0,1000,CA-DISCO(RAxML),9,1241.27,6.82208
193,gdl_5e-10_0,1000,CA-DISCO(RAxML),10,1091.12,6.991712
194,gdl_5e-10_05,1000,CASTLES-DISCO,1,104.17,0.798784
195,gdl_5e-10_05,1000,CASTLES-DISCO,2,53.95,0.384164
196,gdl_5e-10_05,1000,CASTLES-DISCO,3,156.26999999999998,1.10188
197,gdl_5e-10_05,1000,CASTLES-DISCO,4,63.31,0.486008
198,gdl_5e-10_05,1000,CASTLES-DISCO,5,104.52,0.547444
199,gdl_5e-10_05,1000,CASTLES-DISCO,6,87.43,0.482596
200,gdl_5e-10_05,1000,CASTLES-DISCO,7,86.91,0.451628
201,gdl_5e-10_05,1000,CASTLES-DISCO,8,111.17,0.65114
202,gdl_5e-10_05,1000,CASTLES-DISCO,9,115.75,0.774812
203,gdl_5e-10_05,1000,CASTLES-DISCO,10,82.37,0.528884
204,gdl_5e-10_05,1000,CASTLES-Pro,1,70.28,0.917196
205,gdl_5e-10_05,1000,CASTLES-Pro,2,64.47,0.42132
206,gdl_5e-10_05,1000,CASTLES-Pro,3,90.49,1.223384
207,gdl_5e-10_05,1000,CASTLES-Pro,4,64.36,0.575444
208,gdl_5e-10_05,1000,CASTLES-Pro,5,89.52,0.611624
209,gdl_5e-10_05,1000,CASTLES-Pro,6,62.98,0.543652
210,gdl_5e-10_05,1000,CASTLES-Pro,7,66.94,0.498108
211,gdl_5e-10_05,1000,CASTLES-Pro,8,72.96000000000001,0.7403
212,gdl_5e-10_05,1000,CASTLES-Pro,9,77.48,0.858804
213,gdl_5e-10_05,1000,CASTLES-Pro,10,63.06,0.602836
214,gdl_5e-10_05,1000,ERaBLE-DISCO,1,765.61,2.957816
215,gdl_5e-10_05,1000,ERaBLE-DISCO,2,330.18,1.192008
216,gdl_5e-10_05,1000,ERaBLE-DISCO,3,910.47,3.547964
217,gdl_5e-10_05,1000,ERaBLE-DISCO,4,495.47,1.9392
218,gdl_5e-10_05,1000,ERaBLE-DISCO,5,452.92,1.700536
219,gdl_5e-10_05,1000,ERaBLE-DISCO,6,346.73,1.498216
220,gdl_5e-10_05,1000,ERaBLE-DISCO,7,308.53,1.30498
221,gdl_5e-10_05,1000,ERaBLE-DISCO,8,491.25,2.215204
222,gdl_5e-10_05,1000,ERaBLE-DISCO,9,576.29,2.63738
223,gdl_5e-10_05,1000,ERaBLE-DISCO,10,378.5,1.652536
224,gdl_5e-10_05,1000,FastME(AVG)-DISCO,1,322.47999999999996,2.046132
225,gdl_5e-10_05,1000,FastME(AVG)-DISCO,2,158.35000000000002,0.884732
226,gdl_5e-10_05,1000,FastME(AVG)-DISCO,3,429.06,2.54134
227,gdl_5e-10_05,1000,FastME(AVG)-DISCO,4,217.97000000000003,1.323552
228,gdl_5e-10_05,1000,FastME(AVG)-DISCO,5,221.03,1.25118
229,gdl_5e-10_05,1000,FastME(AVG)-DISCO,6,195.07,1.10366
230,gdl_5e-10_05,1000,FastME(AVG)-DISCO,7,169.13,0.98812
231,gdl_5e-10_05,1000,FastME(AVG)-DISCO,8,271.51,1.581552
232,gdl_5e-10_05,1000,FastME(AVG)-DISCO,9,312.75,1.854944
233,gdl_5e-10_05,1000,FastME(AVG)-DISCO,10,215.54999999999998,1.207156
234,gdl_5e-10_05,1000,CA-DISCO(RAxML),1,660.27,6.280128
235,gdl_5e-10_05,1000,CA-DISCO(RAxML),2,319.68,3.227356
236,gdl_5e-10_05,1000,CA-DISCO(RAxML),3,1590.05,8.311744
237,gdl_5e-10_05,1000,CA-DISCO(RAxML),4,398.07,4.292088
238,gdl_5e-10_05,1000,CA-DISCO(RAxML),5,466.62,3.932852
239,gdl_5e-10_05,1000,CA-DISCO(RAxML),6,335.92,3.641848
240,gdl_5e-10_05,1000,CA-DISCO(RAxML),7,386.63,3.515236
241,gdl_5e-10_05,1000,CA-DISCO(RAxML),8,477.5,4.713304
242,gdl_5e-10_05,1000,CA-DISCO(RAxML),9,867.5899999999999,5.68568
243,gdl_5e-10_05,1000,CA-DISCO(RAxML),10,552.9100000000001,4.279052
244,gdl_1e-10_1,1000,CASTLES-DISCO,1,38.59,0.291216
245,gdl_1e-10_1,1000,CASTLES-DISCO,2,41.25,0.288636
246,gdl_1e-10_1,1000,CASTLES-DISCO,3,46.07,0.297952
247,gdl_1e-10_1,1000,CASTLES-DISCO,4,36.47,0.29036
248,gdl_1e-10_1,1000,CASTLES-DISCO,5,56.52,0.285328
249,gdl_1e-10_1,1000,CASTLES-DISCO,6,54.84,0.303072
250,gdl_1e-10_1,1000,CASTLES-DISCO,7,62.0,0.29152
251,gdl_1e-10_1,1000,CASTLES-DISCO,8,62.59,0.287752
252,gdl_1e-10_1,1000,CASTLES-DISCO,9,53.48,0.287368
253,gdl_1e-10_1,1000,CASTLES-DISCO,10,52.26,0.284372
254,gdl_1e-10_1,1000,CASTLES-Pro,1,57.31,0.281008
255,gdl_1e-10_1,1000,CASTLES-Pro,2,59.54,0.278692
256,gdl_1e-10_1,1000,CASTLES-Pro,3,70.71000000000001,0.287724
257,gdl_1e-10_1,1000,CASTLES-Pro,4,58.27,0.282008
258,gdl_1e-10_1,1000,CASTLES-Pro,5,63.34,0.275044
259,gdl_1e-10_1,1000,CASTLES-Pro,6,52.4,0.29608
260,gdl_1e-10_1,1000,CASTLES-Pro,7,58.66,0.280804
261,gdl_1e-10_1,1000,CASTLES-Pro,8,62.87,0.276456
262,gdl_1e-10_1,1000,CASTLES-Pro,9,65.32,0.278196
263,gdl_1e-10_1,1000,CASTLES-Pro,10,68.1,0.273012
264,gdl_1e-10_1,1000,ERaBLE-DISCO,1,163.02,0.483308
265,gdl_1e-10_1,1000,ERaBLE-DISCO,2,157.35,0.45408
266,gdl_1e-10_1,1000,ERaBLE-DISCO,3,162.64000000000001,0.467136
267,gdl_1e-10_1,1000,ERaBLE-DISCO,4,159.44,0.469888
268,gdl_1e-10_1,1000,ERaBLE-DISCO,5,148.15,0.460608
269,gdl_1e-10_1,1000,ERaBLE-DISCO,6,147.36,0.518428
270,gdl_1e-10_1,1000,ERaBLE-DISCO,7,126.69,0.457684
271,gdl_1e-10_1,1000,ERaBLE-DISCO,8,124.94,0.45162
272,gdl_1e-10_1,1000,ERaBLE-DISCO,9,131.33,0.466908
273,gdl_1e-10_1,1000,ERaBLE-DISCO,10,126.11000000000001,0.440756
274,gdl_1e-10_1,1000,FastME(AVG)-DISCO,1,95.61999999999999,0.467524
275,gdl_1e-10_1,1000,FastME(AVG)-DISCO,2,104.82000000000001,0.437736
276,gdl_1e-10_1,1000,FastME(AVG)-DISCO,3,113.88,0.447616
277,gdl_1e-10_1,1000,FastME(AVG)-DISCO,4,104.12,0.453812
278,gdl_1e-10_1,1000,FastME(AVG)-DISCO,5,102.28999999999999,0.443948
279,gdl_1e-10_1,1000,FastME(AVG)-DISCO,6,107.98,0.505496
280,gdl_1e-10_1,1000,FastME(AVG)-DISCO,7,103.08999999999999,0.437328
281,gdl_1e-10_1,1000,FastME(AVG)-DISCO,8,101.99,0.43886
282,gdl_1e-10_1,1000,FastME(AVG)-DISCO,9,104.38,0.450052
283,gdl_1e-10_1,1000,FastME(AVG)-DISCO,10,95.03999999999999,0.429764
284,gdl_1e-10_1,1000,CA-DISCO(RAxML),1,84.06,1.573244
285,gdl_1e-10_1,1000,CA-DISCO(RAxML),2,92.72,1.53038
286,gdl_1e-10_1,1000,CA-DISCO(RAxML),3,132.46,1.518124
287,gdl_1e-10_1,1000,CA-DISCO(RAxML),4,127.91,1.710556
288,gdl_1e-10_1,1000,CA-DISCO(RAxML),5,94.0,1.616136
289,gdl_1e-10_1,1000,CA-DISCO(RAxML),6,104.9,1.916716
290,gdl_1e-10_1,1000,CA-DISCO(RAxML),7,110.28,1.623616
291,gdl_1e-10_1,1000,CA-DISCO(RAxML),8,59.540000000000006,1.707688
292,gdl_1e-10_1,1000,CA-DISCO(RAxML),9,126.11,1.680976
293,gdl_1e-10_1,1000,CA-DISCO(RAxML),10,103.16,1.403948
294,gdl_1e-10_0,1000,CASTLES-DISCO,1,62.06,0.398708
295,gdl_1e-10_0,1000,CASTLES-DISCO,2,42.97,0.342832
296,gdl_1e-10_0,1000,CASTLES-DISCO,3,54.62,0.396344
297,gdl_1e-10_0,1000,CASTLES-DISCO,4,49.120000000000005,0.327804
298,gdl_1e-10_0,1000,CASTLES-DISCO,5,72.74000000000001,0.36924
299,gdl_1e-10_0,1000,CASTLES-DISCO,6,72.15,0.34854
300,gdl_1e-10_0,1000,CASTLES-DISCO,7,69.34,0.358868
301,gdl_1e-10_0,1000,CASTLES-DISCO,8,63.36,0.369592
302,gdl_1e-10_0,1000,CASTLES-DISCO,9,64.88,0.377008
303,gdl_1e-10_0,1000,CASTLES-DISCO,10,56.2,0.330604
304,gdl_1e-10_0,1000,CASTLES-Pro,1,61.06,0.388984
305,gdl_1e-10_0,1000,CASTLES-Pro,2,67.66,0.329112
306,gdl_1e-10_0,1000,CASTLES-Pro,3,60.3,0.385896
307,gdl_1e-10_0,1000,CASTLES-Pro,4,64.33,0.319192
308,gdl_1e-10_0,1000,CASTLES-Pro,5,67.0,0.352048
309,gdl_1e-10_0,1000,CASTLES-Pro,6,59.07,0.338848
310,gdl_1e-10_0,1000,CASTLES-Pro,7,54.01,0.349464
311,gdl_1e-10_0,1000,CASTLES-Pro,8,68.02,0.356692
312,gdl_1e-10_0,1000,CASTLES-Pro,9,65.34,0.367564
313,gdl_1e-10_0,1000,CASTLES-Pro,10,55.93,0.320348
314,gdl_1e-10_0,1000,ERaBLE-DISCO,1,221.08,0.623924
315,gdl_1e-10_0,1000,ERaBLE-DISCO,2,183.82999999999998,0.504128
316,gdl_1e-10_0,1000,ERaBLE-DISCO,3,197.27,0.600496
317,gdl_1e-10_0,1000,ERaBLE-DISCO,4,172.74,0.487792
318,gdl_1e-10_0,1000,ERaBLE-DISCO,5,195.72,0.551248
319,gdl_1e-10_0,1000,ERaBLE-DISCO,6,157.73,0.53532
320,gdl_1e-10_0,1000,ERaBLE-DISCO,7,160.39,0.548472
321,gdl_1e-10_0,1000,ERaBLE-DISCO,8,160.27999999999997,0.546764
322,gdl_1e-10_0,1000,ERaBLE-DISCO,9,167.94,0.567168
323,gdl_1e-10_0,1000,ERaBLE-DISCO,10,150.28,0.50748
324,gdl_1e-10_0,1000,FastME(AVG)-DISCO,1,135.45,0.606992
325,gdl_1e-10_0,1000,FastME(AVG)-DISCO,2,113.92,0.487768
326,gdl_1e-10_0,1000,FastME(AVG)-DISCO,3,148.54999999999998,0.58342
327,gdl_1e-10_0,1000,FastME(AVG)-DISCO,4,110.38,0.4728
328,gdl_1e-10_0,1000,FastME(AVG)-DISCO,5,121.3,0.534372
329,gdl_1e-10_0,1000,FastME(AVG)-DISCO,6,119.21000000000001,0.520024
330,gdl_1e-10_0,1000,FastME(AVG)-DISCO,7,134.17000000000002,0.530316
331,gdl_1e-10_0,1000,FastME(AVG)-DISCO,8,135.33,0.52932
332,gdl_1e-10_0,1000,FastME(AVG)-DISCO,9,139.44,0.55018
333,gdl_1e-10_0,1000,FastME(AVG)-DISCO,10,113.42,0.490564
334,gdl_1e-10_0,1000,CA-DISCO(RAxML),1,123.27000000000001,1.886788
335,gdl_1e-10_0,1000,CA-DISCO(RAxML),2,103.89,1.522244
336,gdl_1e-10_0,1000,CA-DISCO(RAxML),3,133.26999999999998,1.996912
337,gdl_1e-10_0,1000,CA-DISCO(RAxML),4,80.25,1.318
338,gdl_1e-10_0,1000,CA-DISCO(RAxML),5,132.3,1.66784
339,gdl_1e-10_0,1000,CA-DISCO(RAxML),6,88.93,1.579528
340,gdl_1e-10_0,1000,CA-DISCO(RAxML),7,108.44999999999999,1.690444
341,gdl_1e-10_0,1000,CA-DISCO(RAxML),8,73.66,1.863296
342,gdl_1e-10_0,1000,CA-DISCO(RAxML),9,171.4,2.036976
343,gdl_1e-10_0,1000,CA-DISCO(RAxML),10,120.62,1.500484
344,gdl_1e-10_05,1000,CASTLES-DISCO,1,45.21,0.331072
345,gdl_1e-10_05,1000,CASTLES-DISCO,2,47.32,0.308348
346,gdl_1e-10_05,1000,CASTLES-DISCO,3,42.839999999999996,0.302568
347,gdl_1e-10_05,1000,CASTLES-DISCO,4,47.480000000000004,0.356272
348,gdl_1e-10_05,1000,CASTLES-DISCO,5,61.650000000000006,0.3149
349,gdl_1e-10_05,1000,CASTLES-DISCO,6,60.589999999999996,0.310584
350,gdl_1e-10_05,1000,CASTLES-DISCO,7,72.81,0.324472
351,gdl_1e-10_05,1000,CASTLES-DISCO,8,67.55,0.31662
352,gdl_1e-10_05,1000,CASTLES-DISCO,9,58.75,0.304568
353,gdl_1e-10_05,1000,CASTLES-DISCO,10,54.08,0.31078
354,gdl_1e-10_05,1000,CASTLES-Pro,1,58.15,0.325508
355,gdl_1e-10_05,1000,CASTLES-Pro,2,62.28,0.29552
356,gdl_1e-10_05,1000,CASTLES-Pro,3,61.35,0.296228
357,gdl_1e-10_05,1000,CASTLES-Pro,4,58.79,0.348048
358,gdl_1e-10_05,1000,CASTLES-Pro,5,71.13,0.305788
359,gdl_1e-10_05,1000,CASTLES-Pro,6,56.17,0.299812
360,gdl_1e-10_05,1000,CASTLES-Pro,7,64.94,0.317076
361,gdl_1e-10_05,1000,CASTLES-Pro,8,64.33,0.30406
362,gdl_1e-10_05,1000,CASTLES-Pro,9,68.0,0.294576
363,gdl_1e-10_05,1000,CASTLES-Pro,10,54.62,0.30052
364,gdl_1e-10_05,1000,ERaBLE-DISCO,1,189.12,0.528612
365,gdl_1e-10_05,1000,ERaBLE-DISCO,2,164.26,0.463724
366,gdl_1e-10_05,1000,ERaBLE-DISCO,3,162.54999999999998,0.479356
367,gdl_1e-10_05,1000,ERaBLE-DISCO,4,188.32,0.589596
368,gdl_1e-10_05,1000,ERaBLE-DISCO,5,154.3,0.4878
369,gdl_1e-10_05,1000,ERaBLE-DISCO,6,147.14000000000001,0.508932
370,gdl_1e-10_05,1000,ERaBLE-DISCO,7,148.15,0.500372
371,gdl_1e-10_05,1000,ERaBLE-DISCO,8,138.09,0.486284
372,gdl_1e-10_05,1000,ERaBLE-DISCO,9,131.62,0.4616
373,gdl_1e-10_05,1000,ERaBLE-DISCO,10,135.23,0.475896
374,gdl_1e-10_05,1000,FastME(AVG)-DISCO,1,118.94,0.51274
375,gdl_1e-10_05,1000,FastME(AVG)-DISCO,2,113.39,0.447668
376,gdl_1e-10_05,1000,FastME(AVG)-DISCO,3,114.35,0.460956
377,gdl_1e-10_05,1000,FastME(AVG)-DISCO,4,130.35,0.575532
378,gdl_1e-10_05,1000,FastME(AVG)-DISCO,5,118.48,0.471516
379,gdl_1e-10_05,1000,FastME(AVG)-DISCO,6,104.86999999999999,0.492132
380,gdl_1e-10_05,1000,FastME(AVG)-DISCO,7,122.0,0.486584
381,gdl_1e-10_05,1000,FastME(AVG)-DISCO,8,104.69,0.470588
382,gdl_1e-10_05,1000,FastME(AVG)-DISCO,9,115.37,0.442728
383,gdl_1e-10_05,1000,FastME(AVG)-DISCO,10,113.78999999999999,0.45906
384,gdl_1e-10_05,1000,CA-DISCO(RAxML),1,113.07,1.71982
385,gdl_1e-10_05,1000,CA-DISCO(RAxML),2,94.87,1.51822
386,gdl_1e-10_05,1000,CA-DISCO(RAxML),3,94.41999999999999,1.36298
387,gdl_1e-10_05,1000,CA-DISCO(RAxML),4,129.82999999999998,2.20786
388,gdl_1e-10_05,1000,CA-DISCO(RAxML),5,99.28999999999999,1.615124
389,gdl_1e-10_05,1000,CA-DISCO(RAxML),6,97.0,1.671128
390,gdl_1e-10_05,1000,CA-DISCO(RAxML),7,108.8,1.716248
391,gdl_1e-10_05,1000,CA-DISCO(RAxML),8,62.3,1.57182
392,gdl_1e-10_05,1000,CA-DISCO(RAxML),9,104.58,1.3035
393,gdl_1e-10_05,1000,CA-DISCO(RAxML),10,105.33,1.564712
394,default,1000,CASTLES-DISCO,1,45.82,0.385592
395,default,1000,CASTLES-DISCO,2,41.239999999999995,0.306284
396,default,1000,CASTLES-DISCO,3,36.86,0.297396
397,default,1000,CASTLES-DISCO,4,39.629999999999995,0.318372
398,default,1000,CASTLES-DISCO,5,66.61,0.363888
399,default,1000,CASTLES-DISCO,6,53.76,0.370144
400,default,1000,CASTLES-DISCO,7,69.86,0.382212
401,default,1000,CASTLES-DISCO,8,76.77000000000001,0.416932
402,default,1000,CASTLES-DISCO,9,51.0,0.326464
403,default,1000,CASTLES-DISCO,10,50.519999999999996,0.343088
404,default,1000,CASTLES-Pro,1,59.52,0.44506
405,default,1000,CASTLES-Pro,2,64.69,0.35106
406,default,1000,CASTLES-Pro,3,74.98,0.330912
407,default,1000,CASTLES-Pro,4,62.87,0.364984
408,default,1000,CASTLES-Pro,5,68.36,0.401636
409,default,1000,CASTLES-Pro,6,53.97,0.416584
410,default,1000,CASTLES-Pro,7,57.47,0.432192
411,default,1000,CASTLES-Pro,8,68.81,0.478524
412,default,1000,CASTLES-Pro,9,57.79,0.371984
413,default,1000,CASTLES-Pro,10,53.89,0.397648
414,default,1000,ERaBLE-DISCO,1,363.09000000000003,1.418448
415,default,1000,ERaBLE-DISCO,2,249.12,1.034188
416,default,1000,ERaBLE-DISCO,3,253.32,0.973564
417,default,1000,ERaBLE-DISCO,4,287.88,1.108192
418,default,1000,ERaBLE-DISCO,5,318.75,1.19746
419,default,1000,ERaBLE-DISCO,6,291.38,1.331596
420,default,1000,ERaBLE-DISCO,7,288.28999999999996,1.32274
421,default,1000,ERaBLE-DISCO,8,340.14,1.59072
422,default,1000,ERaBLE-DISCO,9,246.06,1.11878
423,default,1000,ERaBLE-DISCO,10,309.57,1.496992
424,default,1000,FastME(AVG)-DISCO,1,160.8,1.002216
425,default,1000,FastME(AVG)-DISCO,2,128.22,0.7494
426,default,1000,FastME(AVG)-DISCO,3,114.76,0.71064
427,default,1000,FastME(AVG)-DISCO,4,142.21,0.79066
428,default,1000,FastME(AVG)-DISCO,5,148.25,0.870608
429,default,1000,FastME(AVG)-DISCO,6,155.82000000000002,0.930616
430,default,1000,FastME(AVG)-DISCO,7,160.09,0.938908
431,default,1000,FastME(AVG)-DISCO,8,180.2,1.092384
432,default,1000,FastME(AVG)-DISCO,9,137.94,0.80568
433,default,1000,FastME(AVG)-DISCO,10,160.48,0.992528
434,default,1000,CA-DISCO(RAxML),1,255.37,3.311
435,default,1000,CA-DISCO(RAxML),2,295.82000000000005,2.904256
436,default,1000,CA-DISCO(RAxML),3,543.48,2.7515
437,default,1000,CA-DISCO(RAxML),4,270.81,2.74484
438,default,1000,CA-DISCO(RAxML),5,285.15999999999997,3.286724
439,default,1000,CA-DISCO(RAxML),6,472.83000000000004,3.447212
440,default,1000,CA-DISCO(RAxML),7,326.8,3.464916
441,default,1000,CA-DISCO(RAxML),8,307.69,3.769328
442,default,1000,CA-DISCO(RAxML),9,309.47,2.75458
443,default,1000,CA-DISCO(RAxML),10,398.37,3.770576
